hour,eid,ref
0,37.6,54.04838709677419
1,37.027027027027025,48.00496277915633
2,35.770270270270274,50.54342431761786
3,33.3421052631579,48.524361948955914
4,32.8051948051948,49.38139534883721
5,36.08,51.417249417249415
6,40.44155844155844,51.330232558139535
7,35.246753246753244,50.22950819672131
8,36.723684210526315,46.78504672897196
9,30.911392405063292,44.01398601398601
10,30.329113924050635,41.20374707259953
11,28.658227848101266,39.65813953488372
12,27.59493670886076,39.23148148148148
13,27.775,38.08372093023256
14,28.475,38.21395348837209
15,27.5,38.642857142857146
16,28.5875,41.02540415704388
17,31.481012658227847,42.495370370370374
18,33.4375,47.285714285714285
19,37.5125,49.80875576036866
20,38.375,51.226327944572745
21,39.9875,52.65277777777778
22,41.2,55.23897911832947
23,37.8375,53.06018518518518
