t,mean_pct,lo,hi,n,median_pct
-21,107.40734138130054,85.04897580194387,130.32432265001876,15,100.1795039164491
-20,122.03575605332644,100.39150857559893,146.47267364660297,16,106.19360997333911
-19,128.01145228473544,110.04112932402475,145.7061204513661,15,131.24783019489792
-18,115.16487580013401,97.54282379506174,135.57970514608402,16,107.41641803600737
-17,121.15565049742614,102.96097407744804,139.8706189783474,16,119.24372933401229
-16,107.66669421104947,93.65853662996157,121.99109532771979,16,106.39144977391209
-15,102.81498858198324,84.86682975567054,122.00357534487661,16,97.03629911643631
-14,99.49142581119912,81.25246324693246,118.66364081220213,16,94.60180256835248
-13,102.87523559788914,86.70606504679904,120.60780889405041,16,98.60787186285992
-12,122.05389878540076,103.07836429379162,142.12510752876,14,121.325098249179
-11,112.74248552519833,96.77846913884503,131.81640740094613,16,111.03158599408792
-10,104.95518738119412,87.99463623034711,122.81808261287084,16,97.82137534382773
-9,107.61268493995172,92.39312779557302,124.09860918676206,16,100.35437456605274
-8,100.35413236470941,89.90611723127174,111.11496223586506,16,106.31643423858293
-7,109.12772229708466,95.0781263816219,124.7070065572641,16,105.8452153112521
-6,101.76387103155977,85.7803960041171,119.94017102330473,16,87.57092546140794
-5,90.55084323476423,77.20568773271252,104.62861541198255,16,93.47578807036305
-4,98.06848489983987,87.71912923274361,108.91308729068322,16,100.25616626884239
-3,96.04215216879358,85.18680347581076,107.05353164455597,16,96.03972750459315
-2,95.69289848250102,79.84845387077428,112.9248358557367,16,83.85469630443423
-1,82.94343928839696,64.28512837675082,103.25179350616037,16,69.02166889588051
0,62.50232195415593,51.6837319473435,73.78137960803515,16,61.111886172605224
1,61.42661175079587,47.75069852680128,76.85433833094402,16,57.08158226374145
2,66.99083346082455,50.52968886710508,85.92221519937694,16,50.9510390493679
3,71.67918003961519,54.25192424460088,92.42081335744449,15,59.140371713799645
4,83.51912472108296,62.80329847585019,106.43146396746879,15,67.9659862450836
5,79.39264180666054,65.05702484125263,96.60211234290139,16,71.3435074626325
6,69.24224196717009,56.19708166915204,82.79630394965734,15,69.87452431911457
7,77.17803197660395,64.88369729080284,88.39692164339925,16,82.10952451888618
8,74.40787957108854,61.79146307723968,85.0926401218031,15,77.21173241625607
9,89.35237844007384,74.82968640601334,104.17134396981575,16,81.6684452077038
10,88.11758590996467,77.21205657013844,100.25608624726813,15,86.18792243993413
11,80.03976834945352,66.01247981266197,93.29164507879432,15,78.85453523362322
12,82.27126543499217,71.6483203629959,93.35208182390183,14,85.34475131533506
13,93.38268539475015,79.48564246983801,108.03393845489708,15,94.22757569038774
14,98.55439667610182,82.69645979031282,114.1909476480337,15,94.75521152142586
15,96.87493688740902,83.70704720556733,111.48157489716914,15,93.66840731070496
16,85.3344317438826,75.66471605324863,94.83453147526377,15,85.55809399477806
17,83.25220310877745,73.84716469006435,92.45615820015847,15,82.15589238344486
18,83.87093880609729,75.23592709309989,92.38991225690701,15,84.8432346576697
19,86.92262116799046,74.39101540940393,99.19764977797381,15,83.59597087586378
20,95.17136436836887,82.06878968260338,108.22327272477304,15,92.42917919725649
21,102.83497806425247,81.68374412159741,124.1218187882811,14,86.94213440133956
