eid,kind,year,month,weekday,eid_mean,eid_days,ref_mean,ref_days,pre_mean,post_mean,abs_change,pct_change,log_ratio,included
2016-07-07,Fitr,2016,7,Thursday,17.749999999999996,5,31.749935300207035,28,30.81767598343685,32.68219461697722,-13.999935300207039,-44.09437426512094,-0.581505171626445,True
2016-09-13,Adha,2016,9,Tuesday,31.21666666666667,5,44.484500805152976,27,42.419732441471574,46.401785714285715,-13.267834138486307,-29.825745817854365,-0.354188691767472,True
2017-06-26,Fitr,2017,6,Monday,10.513333333333332,5,34.035067287784685,28,37.67921842650104,30.390916149068318,-23.521733954451353,-69.11029073503079,-1.1747470910485038,True
2017-09-02,Adha,2017,9,Saturday,27.60833333333333,5,35.42978874319454,27,35.60753105590062,35.238373944895685,-7.821455409861212,-22.075930134817924,-0.24943529668848133,True
2018-06-16,Fitr,2018,6,Saturday,38.38541666666667,4,35.387788841593185,26,39.36329431438127,31.41228336880511,2.9976278250734865,8.47079719643351,0.08131080050170458,True
2018-08-22,Adha,2018,8,Wednesday,,0,40.77968770360074,13,40.77968770360075,,,,,False
2019-06-05,Fitr,2019,6,Wednesday,14.958333333333334,5,43.952380952380956,28,51.44642857142856,36.45833333333333,-28.99404761904762,-65.96695557963163,-1.077838238639096,True
2019-08-12,Adha,2019,8,Monday,17.71612554112554,5,30.322356215213357,28,28.413690476190474,32.23102195423624,-12.606230674087818,-41.574047163798596,-0.5374099969892421,True
2020-05-25,Fitr,2020,5,Monday,25.75,1,45.66912525879917,28,53.22916666666667,38.109083850931675,,,,False
2020-08-01,Adha,2020,8,Saturday,28.191666666666663,5,30.435789049919485,27,36.085144927536234,25.18995859213251,-2.2441223832528223,-7.37330114744884,-0.07659276135190127,True
2021-05-14,Fitr,2021,5,Friday,34.261264822134386,5,64.88163466967815,28,88.77879728966684,40.984472049689444,-30.620369847543763,-47.19420218592908,-0.6385491942195557,True
2021-07-21,Adha,2021,7,Wednesday,16.055148741418765,5,32.04565217391305,28,35.32298136645963,28.76832298136646,-15.990503432494283,-49.899135601026856,-0.6911319245735938,True
2022-05-03,Fitr,2022,5,Tuesday,51.30833333333332,5,58.73850031505985,23,59.3482441471572,57.945833333333326,-7.430166981726529,-12.649568752815988,-0.13524221241753373,True
2022-07-10,Adha,2022,7,Sunday,27.875,5,45.365829346092504,19,45.67207792207792,44.50833333333333,-17.490829346092504,-38.55507459735009,-0.4870289343030464,True
2023-04-22,Fitr,2023,4,Saturday,55.34166666666666,5,98.03422619047618,28,122.23511904761905,73.83333333333333,-42.692559523809514,-43.54862702833984,-0.5717905737810157,True
2023-06-29,Adha,2023,6,Thursday,23.566666666666666,5,46.35863095238095,28,59.99107142857143,32.72619047619047,-22.791964285714283,-49.1644464417552,-0.6765742030068924,True
2024-04-11,Fitr,2024,4,Thursday,114.55833333333332,5,72.95238095238095,28,82.10714285714286,63.79761904761905,41.605952380952374,57.03165796344647,0.4512772421122604,True
2024-06-17,Adha,2024,6,Monday,29.791666666666668,5,43.413400587507724,28,49.05059523809525,37.77620593692023,-13.621733920841056,-31.376795497473033,-0.3765394503982808,True
