dt,pm25,log_pm25,pred_log,resid,eid,ref,holiday,temp_c,wind_ms,maxwind_ms,precip_log,rh_pct
2016-06-20,22.375,3.107944264160919,3.312010910800599,-0.20406664663967966,0,1,2016-07-07,30.944444444444443,1.1317768000000001,2.1092204,0.0,70.00005333105176
2016-06-21,23.291666666666668,3.1480956428071534,3.206243229071585,-0.05814758626443162,0,1,2016-07-07,30.444444444444443,0.771666,1.4918876,1.021731244332152,72.74956350535399
2016-06-22,23.20833333333333,3.144511409579338,3.3371815417939867,-0.19267013221464868,0,1,2016-07-07,28.77777777777778,0.514444,1.4918876,0.5664495275139877,81.95859318374931
2016-06-24,24.916666666666668,3.215536923602686,3.27430193629175,-0.058765012689063756,0,1,2016-07-07,31.555555555555557,0.6173328,1.4918876,0.0,66.27270731313921
2016-06-25,31.20833333333333,3.440685153169274,3.3580859896963062,0.0825991634729677,0,1,2016-07-07,31.72222222222222,0.4115552,0.9774436,1.3982229319851642,65.213300531179
2016-06-27,23.20833333333333,3.144511409579338,3.2286487383026867,-0.08413732872334867,0,1,2016-07-07,31.88888888888889,1.028888,2.6236644,0.0,65.68250854354405
2016-06-28,23.916666666666668,3.174575565971621,3.2474466793366035,-0.07287111336498242,0,1,2016-07-07,31.666666666666668,0.9259992,1.4918876,0.0,67.8524402335332
2016-06-29,34.083333333333336,3.5288085062548014,3.4228935339833173,0.10591497227148405,0,1,2016-07-07,31.166666666666668,0.4115552,1.4918876,0.0,70.50613020557498
2016-07-07,21.08333333333333,3.0484828389395195,3.650670878681125,-0.6021880397416055,1,0,2016-07-07,30.88888888888889,0.4115552,1.4918876,0.0,74.52548609419567
2016-07-08,15.166666666666666,2.719100037288795,3.416219560542051,-0.6971195232532561,1,0,2016-07-07,30.944444444444443,0.4115552,1.4918876,0.0,72.11691194426415
2016-07-09,14.75,2.691243082785829,3.443276544846895,-0.7520334620610662,1,0,2016-07-07,29.833333333333332,1.1317768000000001,1.4918876,0.0,76.09873461072519
2016-07-10,17.833333333333332,2.8810693652338513,3.4637443783804684,-0.5826750131466172,1,0,2016-07-07,29.5,1.2346656,1.4918876,0.7011153502091222,78.86640527244674
2016-07-15,26.70833333333333,3.284975626572724,3.4114085256881874,-0.1264328991154633,0,1,2016-07-07,29.166666666666668,0.7202216,0.9774436,2.1831256529567176,81.73578623263008
2016-07-16,33.25,3.5040547671018634,3.4647779367668097,0.03927683033505369,0,1,2016-07-07,27.055555555555557,0.9774436,1.4918876,3.193270796152806,90.62218510554523
2016-07-17,27.95833333333333,3.330715306623736,3.369655562389998,-0.038940255766262144,0,1,2016-07-07,28.61111111111111,0.9774436,1.4918876,2.49946680111933,82.20980528356856
2016-07-18,32.083333333333336,3.468336684499784,3.493218931681718,-0.024882247181934325,0,1,2016-07-07,28.388888888888886,0.5658884000000001,1.4918876,1.671097292820828,87.78562506254102
2016-07-19,37.41666666666666,3.6221162379542537,3.5597096538356863,0.062406584118567476,0,1,2016-07-07,28.333333333333332,0.2057776,0.9774436,1.9595312450072782,87.20584732520982
2016-07-20,40.208333333333336,3.6940742709910404,3.6774276410642446,0.016646629926795775,0,1,2016-07-07,29.0,0.4115552,1.4918876,0.7011153502091222,83.89690993013957
2016-07-21,38.21739130434783,3.6432906817560275,3.57889539138761,0.06439529036841751,0,1,2016-07-07,29.166666666666668,0.6173328,1.4918876,1.3334208715128224,80.66483779160686
2016-07-23,31.25,3.4420193761824107,3.4726994928511474,-0.030680116668736712,0,1,2016-07-07,28.055555555555557,0.5658884000000001,1.4918876,2.478385432797735,85.19085656427913
2016-07-24,37.083333333333336,3.61316763237824,3.5200252193269237,0.0931424130513161,0,1,2016-07-07,28.555555555555557,0.8745548,2.6236644,1.3334208715128224,81.12210919366471
2016-07-25,26.70833333333333,3.284975626572724,3.3335806447013696,-0.04860501812864548,0,1,2016-07-07,27.83333333333333,0.8745548,1.4918876,2.6357662055170445,82.11666330631242
2016-07-26,26.541666666666668,3.278715825224218,3.3556117180198717,-0.07689589279565379,0,1,2016-07-07,27.77777777777778,0.8745548,1.4918876,1.5706970841176697,79.9503966589616
2016-07-27,34.666666666666664,3.545778610473263,3.4255104663405103,0.12026814413275266,0,1,2016-07-07,30.833333333333332,0.8231104,1.4918876,0.0,66.12697765840882
2016-07-28,34.583333333333336,3.543371870442698,3.5200204323845505,0.023351438058147433,0,1,2016-07-07,29.72222222222222,0.1028888,0.9774436,0.0,78.63747355757943
2016-08-24,69.25,4.237723145067448,3.7084010025768235,0.5293221424906243,0,1,2016-09-13,31.166666666666668,0.257222,0.9774436,0.0,72.87266045185754
2016-08-27,35.166666666666664,3.5600986642480112,3.552746236540386,0.007352427707625342,0,1,2016-09-13,30.166666666666668,0.1543332,0.9774436,0.41078426958576436,78.44113626061613
2016-08-30,29.5,3.3843902633457743,3.457785755263651,-0.07339549191787675,0,1,2016-09-13,31.61111111111111,0.3086664,0.9774436,0.0,70.12259607897862
2016-08-31,23.375,3.1516670751747506,3.3700820579922977,-0.218414982817547,0,1,2016-09-13,29.27777777777778,0.2057776,0.9774436,0.0,80.67907645086588
2016-09-02,38.29166666666666,3.645232292007741,3.5180107625826893,0.12722152942505183,0,1,2016-09-13,29.055555555555557,0.3086664,0.9774436,0.0,83.62761499325323
2016-09-04,30.125,3.405355391810819,3.503017601891295,-0.09766221008047582,0,1,2016-09-13,29.77777777777778,0.1543332,0.9774436,1.5706970841176697,79.4262258012258
2016-09-05,24.625,3.2037621870581527,3.3960187499946053,-0.19225656293645255,0,1,2016-09-13,28.555555555555557,0.3601108,1.4918876,1.9947003132247452,84.96115528558957
2016-09-23,30.416666666666668,3.414990703794491,3.5198375920960228,-0.10484688830153166,0,1,2016-09-13,29.444444444444443,0.1543332,0.9774436,0.0,75.03556852404513
2016-09-24,27.25,3.305053521109253,3.4108934174192607,-0.10583989631000756,0,1,2016-09-13,27.77777777777778,0.2057776,0.9774436,3.3294865341081548,88.02357747267153
2016-09-25,31.416666666666668,3.4473385376600105,3.523648852445802,-0.07631031478579153,0,1,2016-09-13,29.0,0.2057776,0.9774436,0.7011153502091222,80.91029248207357
2016-09-26,41.91666666666666,3.7356835203117384,3.500224108611724,0.2354594117000146,0,1,2016-09-13,28.22222222222222,0.6687772000000001,2.1092204,3.094762797016945,86.05493871567161
2016-09-29,47.04166666666666,3.851033733801716,3.6725444085254404,0.1784893252762756,0,1,2016-09-13,29.27777777777778,0.514444,0.9774436,2.540341356676101,83.65215036389245
2016-09-30,41.5,3.7256934272366524,3.739037140911684,-0.013343713675031399,0,1,2016-09-13,29.944444444444443,0.3086664,0.9774436,0.0,76.36776437675614
2016-10-01,46.333333333333336,3.835861644462582,3.7063041140431348,0.12955753041944718,0,1,2016-09-13,29.0,0.1543332,0.9774436,0.22633844221072896,79.0585121873896
2016-10-02,57.91666666666666,4.059005195776792,3.7381843938690684,0.32082080190772366,0,1,2016-09-13,28.88888888888889,0.2057776,0.9774436,0.0,84.43843688987965
2017-06-05,42.625,3.7524409356036807,3.731899234975455,0.0205417006282258,0,1,2017-06-26,27.444444444444446,0.771666,1.4918876,1.8050046959780757,76.75384753911847
2017-06-07,59.208333333333336,4.081062297749155,3.879014777552064,0.2020475201970915,0,1,2017-06-26,31.11111111111111,0.3086664,0.9774436,0.8197798314933114,76.79541353828755
2017-06-08,61.708333333333336,4.122418983919853,3.9769475500642306,0.14547143385562222,0,1,2017-06-26,29.5,0.1543332,0.9774436,0.0,75.2940926865728
2017-06-09,50.458333333333336,3.9211479132051466,3.832500044053276,0.0886478691518704,0,1,2017-06-26,29.61111111111111,0.3086664,1.4918876,0.0,80.98758801281859
2017-06-12,9.217391304347826,2.2210920587428626,2.907650251427008,-0.6865581926841453,0,1,2017-06-26,25.72222222222222,2.2635536000000003,4.115552,4.985577281422071,96.43289644101033
2017-06-25,9.75,2.277267285009756,3.1984736072140034,-0.9212063222042475,1,0,2017-06-26,30.0,0.771666,1.4918876,0.7011153502091222,72.43225626997533
2017-06-26,9.4,2.2407096892759584,3.239103441633542,-0.9983937523575834,1,0,2017-06-26,30.61111111111111,0.8745548,1.4918876,0.0,71.34592246266212
2017-06-27,8.416666666666666,2.130213867053259,3.4366872577481113,-1.3064733906948525,1,0,2017-06-26,30.22222222222222,0.5658884000000001,1.4918876,0.0,73.68213335671567
2017-06-28,11.708333333333334,2.4603008389858,3.452638019636066,-0.9923371806502659,1,0,2017-06-26,29.88888888888889,0.6687772000000001,1.4918876,0.0,76.10726972475359
2017-06-29,13.291666666666666,2.587137272436899,3.5495408830065807,-0.9624036105696816,1,0,2017-06-26,29.944444444444443,0.257222,0.9774436,2.341613479961524,79.97264714619247
2017-07-11,34.916666666666664,3.5529642701341375,3.514336054779075,0.038628215355062334,0,1,2017-06-26,26.611111111111114,0.1543332,0.9774436,3.917527826062591,93.02227674383018
2017-07-12,32.291666666666664,3.474809199005401,3.503927710825626,-0.029118511820224846,0,1,2017-06-26,28.111111111111107,0.1543332,0.9774436,4.235149438813122,85.76087358654968
2017-07-14,23.82608695652174,3.1707810710188657,3.426854378120953,-0.2560733071020871,0,1,2017-06-26,29.61111111111111,0.514444,0.9774436,0.0,76.82401632469661
2017-07-15,28.52173913043478,3.3506665730149394,3.39900117564978,-0.048334602634840795,0,1,2017-06-26,30.72222222222222,0.5658884000000001,1.4918876,0.0,67.44313249745012
2017-07-16,31.45833333333333,3.448663918901079,3.398279393515417,0.05038452538566185,0,1,2017-06-26,31.833333333333332,0.5658884000000001,0.9774436,0.0,67.88474694370232
2017-07-17,25.75,3.248434627109745,3.541663140513062,-0.2932285134033168,0,1,2017-06-26,31.444444444444443,0.1543332,0.9774436,2.1241758730200067,74.37072423370832
2017-08-12,28.125,3.3366588605245844,3.4398693683544046,-0.10321050782982022,0,1,2017-09-02,26.5,0.1543332,0.9774436,4.018363041199472,93.94312289274743
2017-08-13,35.375,3.5660053559634015,3.4905540787900446,0.07545127717335687,0,1,2017-09-02,27.722222222222225,0.1543332,0.9774436,0.41078426958576436,88.89376135723919
2017-08-18,25.041666666666668,3.220541104187262,3.3521108416387997,-0.13156973745153788,0,1,2017-09-02,28.944444444444443,0.3086664,0.9774436,0.0,80.63631530708201
2017-08-19,21.125,3.0504571732432377,3.2125924577057066,-0.16213528446246883,0,1,2017-09-02,30.333333333333332,0.771666,1.4918876,0.22633844221072896,70.35415382990453
2017-08-20,29.291666666666668,3.3773030614627193,3.3199771491425816,0.05732591232013773,0,1,2017-09-02,30.555555555555557,0.4115552,0.9774436,0.0,72.2882750724511
2017-08-24,24.695652173913043,3.2066272027920015,3.3537336849362123,-0.14710648214421074,0,1,2017-09-02,29.055555555555557,0.2057776,0.9774436,0.0,81.7222354053942
2017-09-02,21.666666666666668,3.0757749812275277,3.4218825765958845,-0.3461075953683568,1,0,2017-09-02,29.166666666666668,0.3086664,0.9774436,0.0,77.52527293459619
2017-09-03,25.20833333333333,3.2271746276828956,3.4120503074260418,-0.18487567974314612,1,0,2017-09-02,28.5,0.4115552,0.9774436,1.3982229319851642,84.11940616146275
2017-09-04,29.75,3.392829131991639,3.403397352390266,-0.010568220398627037,1,0,2017-09-02,30.444444444444443,0.3086664,0.9774436,0.0,72.74956350535399
2017-09-10,25.416666666666668,3.2354051268194115,3.38809100451627,-0.1526858776968587,0,1,2017-09-02,27.277777777777775,0.3086664,0.9774436,4.027456616680469,90.93618499997707
2017-09-11,54.875,4.005057871395335,3.520348990196852,0.48470888119848343,0,1,2017-09-02,25.444444444444443,0.4115552,0.9774436,4.394572603842399,95.78790511637851
2017-09-12,33.625,3.5152698379220033,3.5129510353199644,0.002318802602038872,0,1,2017-09-02,29.11111111111111,0.4115552,0.9774436,0.9258449446789666,81.46002773027499
2017-09-16,52.08695652173913,3.952914562746245,3.715994332950465,0.23692022979577976,0,1,2017-09-02,31.333333333333332,0.1543332,0.9774436,0.0,74.59711878820578
2017-09-17,41.54166666666666,3.7266969396138925,3.5270532223561757,0.1996437172577168,0,1,2017-09-02,28.22222222222222,0.1543332,0.9774436,2.31688239769487,86.05493871567161
2017-09-18,17.041666666666668,2.8356613256948564,3.2031679727010376,-0.3675066470061812,0,1,2017-09-02,30.22222222222222,0.4115552,0.9774436,3.182792584695119,71.75213421924356
2017-09-19,17.375,2.8550323914508557,3.190033621453352,-0.33500123000249626,0,1,2017-09-02,27.22222222222222,0.4629996,2.1092204,2.617395832834079,90.63322269687508
2017-09-20,21.58333333333333,3.071921411911537,3.236006396227663,-0.16408498431612584,0,1,2017-09-02,28.61111111111111,0.771666,1.4918876,3.685423489140546,85.80957184512455
2017-09-21,28.791666666666668,3.3600859934197245,3.388550957291474,-0.02846496387174957,0,1,2017-09-02,29.055555555555557,0.514444,0.9774436,1.1896710196150762,78.80474769156301
2017-09-22,27.09523809523809,3.299357996402908,3.30899054072693,-0.009632544324022163,0,1,2017-09-02,30.72222222222222,0.771666,1.4918876,0.0,72.7970003152642
2018-05-26,35.25,3.5624655292582776,3.638143120397088,-0.07567759113881056,0,1,2018-06-16,31.5,1.1832212,1.4918876,0.0,74.86879598078895
2018-05-27,20.875,3.0385522707369192,3.508858808896169,-0.47030653815924994,0,1,2018-06-16,31.333333333333332,0.771666,2.6236644,0.0,71.71015388901942
2018-05-29,30.75,3.4258899942525267,3.6712465913914656,-0.24535659713893887,0,1,2018-06-16,29.166666666666668,0.7202216,2.6236644,0.0,61.46363262913691
2018-05-30,62.5,4.135166556742356,3.8407080133272498,0.29445854341510636,0,1,2018-06-16,30.666666666666668,0.6687772000000001,1.4918876,0.0,63.05908127718687
2018-05-31,41.458333333333336,3.724688906810647,3.8018520747207845,-0.07716316791013744,0,1,2018-06-16,26.11111111111111,0.1543332,0.9774436,4.422400528812155,88.17746255594658
2018-06-01,33.75,3.518980417318539,3.639259701276678,-0.12027928395813925,0,1,2018-06-16,26.722222222222218,1.1832212,2.6236644,0.9258449446789666,86.48459909602768
2018-06-02,42.25,3.7436043538031827,3.6914682560681156,0.05213609773506711,0,1,2018-06-16,28.833333333333332,0.771666,1.4918876,1.021731244332152,82.78062061602965
2018-06-03,60.29166666666666,4.099193896283538,3.843149788687005,0.25604410759653273,0,1,2018-06-16,28.000000000000004,0.2057776,1.4918876,3.7043590249623226,85.75001872560817
2018-06-04,52.875,3.9679306373664422,3.7899628017423446,0.17796783562409768,0,1,2018-06-16,29.0,0.5658884000000001,2.6236644,3.213903483241643,83.89690993013957
2018-06-06,34.708333333333336,3.5469798118188973,3.7534413650651968,-0.20646155324629945,0,1,2018-06-16,30.555555555555557,0.257222,1.4918876,1.9947003132247452,80.57808142913642
2018-06-07,34.0,3.5263605246161616,3.6836975920983175,-0.15733706748215592,0,1,2018-06-16,31.22222222222222,0.3601108,1.4918876,0.0,78.33273318597838
2018-06-08,23.666666666666668,3.164067588373206,3.576719112892412,-0.41265152451920617,0,1,2018-06-16,31.11111111111111,0.6173328,1.4918876,0.7011153502091222,77.5529969402273
2018-06-15,49.125,3.8943680701894254,3.679891520808103,0.21447654938132255,1,0,2018-06-16,29.61111111111111,1.1832212,4.115552,1.923080086555413,81.52165761099359
2018-06-16,25.166666666666668,3.2255203675868693,3.5179101906858152,-0.2923898230989459,1,0,2018-06-16,27.666666666666668,1.5947764,2.6236644,1.4590800308455383,79.40319794135951
2018-06-17,36.91666666666666,3.608663120257135,3.657750919392153,-0.04908779913501826,1,0,2018-06-16,30.22222222222222,1.2346656,1.4918876,2.706048198431537,78.70712644466924
2018-06-18,42.333333333333336,3.7455747977904816,3.605952370952602,0.13962242683787984,1,0,2018-06-16,31.22222222222222,1.28611,1.4918876,0.0,79.62006166354674
2018-06-24,32.73913043478261,3.488571011870744,3.2110803015058518,0.27749071036489203,0,1,2018-06-16,29.333333333333332,1.800554,4.115552,0.0,82.29566978487237
2018-06-25,34.130434782608695,3.5301895018532585,3.4442499176552603,0.08593958419799819,0,1,2018-06-16,27.83333333333333,0.6687772000000001,3.086664,3.4493524235492026,87.16155242267683
2018-06-26,30.5,3.417726683613366,3.3095022899029365,0.10822439371042947,0,1,2018-06-16,29.944444444444443,1.7491096,3.086664,0.7011153502091222,75.61405350172592
2018-06-27,16.73913043478261,2.8177491183586345,3.0531967458255678,-0.23544762746693326,0,1,2018-06-16,28.555555555555557,1.6462208,2.6236644,2.540341356676101,79.78828185167586
2018-07-01,29.125,3.371596911885865,3.1693230293229764,0.20227388256288847,0,1,2018-06-16,30.27777777777778,2.7779976000000004,3.601108,0.8197798314933114,73.44773347991143
2018-07-02,25.26086956521739,3.2292565409227616,3.3079439971962796,-0.07868745627351803,0,1,2018-06-16,29.61111111111111,1.0803324,1.4918876,2.891371258229248,78.88177972633153
2018-07-03,24.125,3.1832486472250494,3.3610251196745664,-0.177776472449517,0,1,2018-06-16,27.277777777777775,0.9774436,1.4918876,3.897112392692392,90.93618499997707
2018-07-04,32.666666666666664,3.4863551900024623,3.3863517819761344,0.1000034080263279,0,1,2018-06-16,27.61111111111111,1.2346656,2.6236644,2.1241758730200067,90.95752016563624
2018-07-05,41.21739130434783,3.718860286325872,3.5786847606801917,0.14017552564568048,0,1,2018-06-16,29.61111111111111,1.2346656,2.1092204,0.0,80.98758801281859
2018-07-06,44.66666666666666,3.7992275112828016,3.5802351960785335,0.2189923152042681,0,1,2018-06-16,30.72222222222222,1.0803324,2.1092204,0.0,75.23836869066008
2018-07-07,29.916666666666668,3.3984157387002787,3.3875892915554684,0.010826447144810292,0,1,2018-06-16,30.88888888888889,1.0803324,1.4918876,0.0,70.9240811464117
2019-05-22,42.29166666666666,3.744590061127942,3.410103413033727,0.3344866480942148,0,1,2019-06-05,29.5,2.314998,3.086664,2.7717133392038273,71.62450135547346
2019-05-23,38.125,3.6408702349275757,3.5423338830848454,0.09853635184273024,0,1,2019-06-05,28.944444444444443,1.6976651999999999,4.115552,0.7011153502091222,72.73458868620627
2019-05-24,31.166666666666668,3.439349147626532,3.2338463332719543,0.20550281435457762,0,1,2019-06-05,28.333333333333332,2.8808864,9.311436400000002,3.3739632087083864,81.09412202388889
2019-05-25,37.458333333333336,3.6232292041236747,3.716420503514746,-0.09319129939107151,0,1,2019-06-05,25.72222222222222,0.3086664,1.4918876,2.617395832834079,86.97203854797888
2019-05-26,44.79166666666666,3.802022110213817,3.6690974900299524,0.13292462018386475,0,1,2019-06-05,30.944444444444443,1.3375544000000001,2.6236644,0.0,74.04535621537309
2019-05-27,41.04166666666666,3.7145878108241432,3.67665572409781,0.0379320867263333,0,1,2019-06-05,30.77777777777778,1.1317768000000001,2.6236644,2.365747667951686,74.01800618873062
2019-05-28,60.91666666666666,4.109506809961778,3.7572221529434597,0.35228465701831846,0,1,2019-06-05,31.5,1.0803324,1.4918876,0.0,68.04533889354104
2019-06-04,20.08333333333333,2.9998902837026544,3.493860912815433,-0.4939706291127788,1,0,2019-06-05,27.77777777777778,1.5947764,2.6236644,2.31688239769487,84.88113154556176
2019-06-05,9.5,2.2512917986064953,3.802464491947721,-1.5511726933412255,1,0,2019-06-05,25.38888888888889,0.257222,1.4918876,3.9225672193038172,93.89434621869633
2019-06-06,13.416666666666666,2.5964977151964628,3.6922565342719675,-1.0957588190755048,1,0,2019-06-05,28.22222222222222,0.9774436,2.6236644,0.22633844221072896,83.81188470856672
2019-06-07,12.583333333333334,2.532373187026924,3.674771632148932,-1.1423984451220082,1,0,2019-06-05,28.555555555555557,1.0803324,2.1092204,0.0,80.58625563315417
2019-06-08,19.20833333333333,2.955344212648703,3.686666081677412,-0.7313218690287093,1,0,2019-06-05,29.333333333333332,0.9774436,2.6236644,0.0,78.06484961626708
2019-06-13,42.66666666666666,3.7534179752515073,3.690162095946523,0.06325587930498422,0,1,2019-06-05,31.833333333333332,1.028888,2.6236644,0.0,72.27087882392233
2019-06-14,34.833333333333336,3.550574782736756,3.67640311155276,-0.12582832881600403,0,1,2019-06-05,30.333333333333332,1.28611,2.1092204,0.0,82.95301966291893
2019-06-15,44.41666666666666,3.793614774377844,3.682800745120888,0.11081402925695594,0,1,2019-06-05,26.888888888888893,1.3889988000000002,2.6236644,0.41078426958576436,84.22512033899224
2019-06-16,40.29166666666666,3.6961446651053484,3.592347713126892,0.10379695197845651,0,1,2019-06-05,31.055555555555557,1.6976651999999999,2.6236644,0.0,78.56552464747658
2019-06-17,32.958333333333336,3.4952441374197085,3.4041998978411443,0.09104423957856422,0,1,2019-06-05,30.61111111111111,2.3664424,5.0929956,3.4165456586089546,76.46888650608923
2019-06-18,51.0,3.9318256327243257,3.7568664516890076,0.17495918103531816,0,1,2019-06-05,30.38888888888889,1.2346656,4.115552,1.1092224677801252,75.18568819756696
2019-06-19,67.08333333333333,4.205935627630563,3.862068403997254,0.3438672236333087,0,1,2019-06-05,32.166666666666664,0.4629996,2.1092204,0.0,71.62089667545546
2019-06-20,48.958333333333336,3.8909695962303137,3.838259785273454,0.05270981095685956,0,1,2019-06-05,30.38888888888889,0.2057776,1.4918876,2.478385432797735,77.95865971375137
2019-06-23,29.0,3.367295829986474,3.2884584367092793,0.07883739327719486,0,1,2019-06-05,31.77777777777778,0.514444,2.6236644,0.0,68.09894395872884
2019-06-24,19.666666666666668,2.9789251552376097,3.164381076709011,-0.1854559214714011,0,1,2019-06-05,32.0,1.1317768000000001,2.6236644,0.0,68.59315280795309
2019-06-25,25.125,3.22386336637924,3.2206737226272204,0.0031896437520195775,0,1,2019-06-05,31.833333333333332,2.314998,4.115552,0.0,72.27087882392233
2019-06-26,16.0,2.772588722239781,3.1008884508753933,-0.3282997286356122,0,1,2019-06-05,31.333333333333332,2.57222,4.115552,0.0,75.33454192917452
2019-07-23,19.20833333333333,2.955344212648703,2.9705335287672905,-0.015189316118587648,0,1,2019-08-12,31.77777777777778,2.0063316,2.6236644,0.0,68.77774521673304
2019-07-24,19.75,2.9831534913471307,3.2016231548466743,-0.21846966349954355,0,1,2019-08-12,29.88888888888889,1.3375544000000001,2.6236644,2.5601687176217935,79.70289750145835
2019-07-25,65.66666666666667,4.1845914400698785,3.7561242777463195,0.42846716232355897,0,1,2019-08-12,29.333333333333332,0.3086664,1.4918876,1.8050046959780757,80.42063736418295
2019-07-26,35.166666666666664,3.5600986642480112,3.499036798107211,0.06106186614080045,0,1,2019-08-12,27.944444444444443,0.771666,2.6236644,3.716786407366944,86.59821129443402
2019-07-27,15.125,2.716349003916905,2.9188942219243597,-0.2025452180074545,0,1,2019-08-12,28.444444444444443,1.6976651999999999,2.6236644,2.5796105852572975,82.18990521327669
2019-07-28,10.791666666666666,2.378774231351592,2.8383860620831625,-0.4596118307315704,0,1,2019-08-12,29.333333333333332,2.5207756000000003,4.115552,0.0,74.27252993306888
2019-07-29,18.5,2.917770732084279,2.859106984157096,0.058663747927182985,0,1,2019-08-12,29.27777777777778,3.0352196000000005,5.0929956,0.22633844221072896,77.28492798486656
2019-07-30,36.54166666666666,3.5984531620242373,3.411550968832113,0.18690219319212442,0,1,2019-08-12,28.61111111111111,1.2346656,1.4918876,2.478385432797735,84.40906058502142
2019-07-31,46.625,3.8421368779639797,3.6434565878045495,0.19868029015943023,0,1,2019-08-12,28.833333333333332,0.8745548,2.6236644,2.061532121136268,82.78062061602965
2019-08-01,28.33333333333333,3.3440389678222067,3.4355416875851232,-0.09150271976291657,0,1,2019-08-12,29.88888888888889,0.9774436,2.6236644,0.0,76.86558126969861
2019-08-02,29.58333333333333,3.387211139687415,3.4015470092613787,-0.014335869573963489,0,1,2019-08-12,30.166666666666668,1.3375544000000001,2.6236644,0.0,76.1498808555578
2019-08-03,20.916666666666668,3.0405462893437836,2.7527833247325066,0.28776296461127693,0,1,2019-08-12,28.61111111111111,2.1092204,4.115552,3.1397460336928957,86.94456778197274
2019-08-04,33.083333333333336,3.4990296308991904,3.4954772150345623,0.003552415864628067,0,1,2019-08-12,31.0,1.0803324,2.1092204,0.0,78.81483401472462
2019-08-11,32.666666666666664,3.4863551900024623,3.5745062005216104,-0.08815101051914809,1,0,2019-08-12,31.5,0.1028888,0.9774436,0.0,78.3717349457975
2019-08-12,12.681818181818182,2.5401693284630498,3.1897633090360085,-0.6495939805729587,1,0,2019-08-12,30.444444444444443,1.543332,2.6236644,3.0596455992976437,75.44287785418193
2019-08-13,5.857142857142857,1.7676619176489945,2.636966105321535,-0.8693041876725407,1,0,2019-08-12,27.88888888888889,2.314998,4.115552,2.688935337242528,87.4544322848053
2019-08-14,15.416666666666666,2.7354491752903245,3.399406979011481,-0.6639578037211566,1,0,2019-08-12,27.444444444444446,0.4115552,2.1092204,3.17220341666977,92.45459146419219
2019-08-15,21.95833333333333,3.0891467181934167,3.3734077196248795,-0.2842610014314628,1,0,2019-08-12,28.277777777777782,0.9259992,2.1092204,1.1092224677801252,87.48816404550271
2019-08-20,21.75,3.079613757534693,3.307192320949539,-0.22757856341484617,0,1,2019-08-12,30.944444444444443,0.514444,1.4918876,0.0,72.35553940185322
2019-08-21,40.375,3.6982107815428207,3.6100897760463138,0.08812100549650692,0,1,2019-08-12,31.0,0.514444,1.4918876,0.7011153502091222,74.78895610099171
2019-08-22,45.36363636363637,3.814710822953148,3.672697571722739,0.1420132512304093,0,1,2019-08-12,29.88888888888889,0.3601108,1.4918876,1.6221566848418751,80.75712097413174
2019-08-23,33.09090909090909,3.4992585948383703,3.3720860373314006,0.12717255750696976,0,1,2019-08-12,29.11111111111111,1.1832212,2.1092204,2.1241758730200067,82.81273565272001
2019-08-24,15.25,2.7245795030534206,3.114258992003618,-0.38967948895019733,0,1,2019-08-12,28.333333333333332,1.2346656,1.4918876,1.4590800308455383,85.21894094926196
2019-08-25,24.20833333333333,3.1866969265039655,3.2077401332912023,-0.021043206787236812,0,1,2019-08-12,30.5,1.1317768000000001,2.1092204,0.5664495275139877,72.03948336443248
2019-08-26,37.833333333333336,3.6331905482533475,3.376895109668845,0.25629543858450266,0,1,2019-08-12,30.833333333333332,1.2346656,2.6236644,0.0,69.97956242513429
2019-08-27,24.875,3.2138632830446565,3.288479795631186,-0.07461651258652946,0,1,2019-08-12,30.72222222222222,1.28611,2.1092204,0.0,71.60251406606552
2019-08-28,35.083333333333336,3.5577261838943812,3.5573624128043146,0.00036377109006657804,0,1,2019-08-12,30.555555555555557,0.5658884000000001,1.4918876,0.0,74.71768812796361
2019-08-29,28.0,3.332204510175204,3.3767092078506136,-0.044504697675409766,0,1,2019-08-12,31.27777777777778,0.6687772000000001,1.4918876,0.0,69.829966956544
2019-08-30,31.5,3.449987545831587,3.4677738337718083,-0.01778628794022108,0,1,2019-08-12,31.5,0.3086664,1.4918876,0.0,70.10222012200506
2019-08-31,35.5,3.56953269648137,3.5808067310553415,-0.01127403457397147,0,1,2019-08-12,30.27777777777778,0.2057776,1.4918876,0.41078426958576436,81.6033736276647
2019-09-01,42.5,3.7495040759303713,3.644491382178534,0.1050126937518372,0,1,2019-08-12,31.333333333333332,0.3601108,1.4918876,3.7229426593896373,73.38209865147694
2019-09-02,35.904761904761905,3.5808699302845333,3.6131555891104834,-0.032285658825950136,0,1,2019-08-12,30.055555555555557,0.3086664,1.4918876,0.41078426958576436,77.14447082649187
2020-07-12,43.708333333333336,3.777538778048352,3.5479017351030833,0.22963704294526854,0,1,2020-08-01,27.38888888888889,0.9774436,1.4918876,3.213903483241643,95.22172408619431
2020-07-13,58.375,4.066887715989061,3.771216433935306,0.2956712820537555,0,1,2020-08-01,29.77777777777778,0.6687772000000001,1.4918876,0.41078426958576436,84.25620371762187
2020-07-14,32.791666666666664,3.4901744180694574,3.4771888448560073,0.012985573213450063,0,1,2020-08-01,28.555555555555557,0.514444,0.9774436,1.4590800308455383,87.22546231533927
2020-07-15,49.56521739130435,3.9032893254593914,3.753659005569901,0.1496303198894906,0,1,2020-08-01,29.22222222222222,0.9259992,2.1092204,0.41078426958576436,82.82555746627735
2020-07-16,36.333333333333336,3.592735593561034,3.4231042023410367,0.16963139121999715,0,1,2020-08-01,30.27777777777778,1.7491096,2.6236644,0.0,78.45674090475919
2020-07-17,32.208333333333336,3.4722252182394766,3.4595091384354064,0.01271607980407019,0,1,2020-08-01,29.5,1.28611,2.1092204,2.412335956953165,85.33605409801885
2020-07-18,27.916666666666668,3.3292238820370663,3.3205938105059847,0.00863007153108164,0,1,2020-08-01,29.944444444444443,1.4404432,2.1092204,3.0232501595907304,84.82554112726137
2020-07-19,16.458333333333332,2.8008319345531763,2.856895656345533,-0.05606372179235697,0,1,2020-08-01,29.38888888888889,1.800554,5.0929956,2.8333309841951673,83.9391802553993
2020-07-20,31.541666666666668,3.451309423089503,3.439799242120969,0.01151018096853429,0,1,2020-08-01,27.444444444444446,1.0803324,3.601108,4.501519319158607,96.1626303086459
2020-07-21,35.833333333333336,3.578878558899608,3.5413455590800926,0.0375329998195153,0,1,2020-08-01,27.11111111111111,0.8231104,2.1092204,3.788272197991971,96.46886716091105
2020-07-22,31.75,3.457892725338701,3.4764960371616755,-0.0186033118229747,0,1,2020-08-01,27.77777777777778,0.514444,2.1092204,3.8441723385199715,91.56730126467033
2020-07-23,40.708333333333336,3.706432821694837,3.6211161733452766,0.08531664834956043,0,1,2020-08-01,28.77777777777778,0.9259992,1.4918876,0.0,86.67487724116695
2020-07-24,31.916666666666668,3.4631283393926457,3.561608257052419,-0.09847991765977326,0,1,2020-08-01,28.77777777777778,0.5658884000000001,2.1092204,0.22633844221072896,85.82575073539263
2020-07-31,16.708333333333332,2.8159075969586236,3.5345010919014803,-0.7185934949428567,1,0,2020-08-01,30.555555555555557,0.5658884000000001,2.1092204,0.41078426958576436,79.53092454037721
2020-08-01,20.83333333333333,3.036554268074246,3.5686982822553386,-0.5321440141810925,1,0,2020-08-01,31.0,0.3601108,0.9774436,3.04766036641435,79.8504145936418
2020-08-02,30.166666666666668,3.4067375620377707,3.667681330626984,-0.2609437685892133,1,0,2020-08-01,30.22222222222222,0.3086664,1.4918876,1.923080086555413,89.37379864559502
2020-08-03,38.708333333333336,3.656054908465893,3.4406779465130066,0.21537696195288625,1,0,2020-08-01,31.833333333333332,0.514444,0.9774436,3.1397460336928957,78.41840534975577
2020-08-04,34.541666666666664,3.5421663247873494,3.5884513787161065,-0.04628505392875715,1,0,2020-08-01,29.88888888888889,0.4115552,1.4918876,3.2636962151396682,89.63914225565489
2020-08-09,23.5,3.1570004211501135,3.3249318516268302,-0.16793143047671677,0,1,2020-08-01,30.055555555555557,1.1317768000000001,2.1092204,1.717754055917559,82.6507244722364
2020-08-10,31.291666666666668,3.443351821416189,3.42796136325467,0.01539045816151896,0,1,2020-08-01,30.5,1.28611,2.6236644,0.0,79.2634656579702
2020-08-11,32.708333333333336,3.487629887434463,3.4286120246828675,0.059017862751595374,0,1,2020-08-01,31.055555555555557,1.4918876,2.6236644,0.0,79.59782944789228
2020-08-12,24.0,3.1780538303479458,3.188238455312931,-0.01018462496498529,0,1,2020-08-01,30.5,1.2346656,2.6236644,2.8481599090868555,81.63049684447451
2020-08-13,36.083333333333336,3.5858310782144898,3.564440729456553,0.02139034875793655,0,1,2020-08-01,31.055555555555557,0.771666,1.4918876,0.0,75.04401437874581
2020-08-14,24.625,3.2037621870581527,3.300140657279621,-0.09637847022146806,0,1,2020-08-01,30.666666666666668,1.4918876,2.1092204,0.7011153502091222,77.23455003864618
2020-08-15,9.916666666666666,2.294216843323529,2.602283368245214,-0.30806652492168496,0,1,2020-08-01,28.111111111111107,1.800554,3.086664,2.0933444468488274,90.69176792140601
2020-08-16,16.166666666666668,2.782951509275328,3.0540540883708363,-0.2711025790955084,0,1,2020-08-01,27.944444444444443,1.2346656,2.1092204,3.6917752572259617,91.87777134827166
2020-08-17,30.83333333333333,3.4285963558502695,3.2646962959135255,0.16390005993674395,0,1,2020-08-01,28.555555555555557,1.4404432,2.1092204,0.9258449446789666,87.22546231533927
2020-08-18,23.82608695652174,3.1707810710188657,3.275959012598428,-0.10517794157956217,0,1,2020-08-01,28.5,0.514444,0.9774436,1.6221566848418751,89.53829155354744
2020-08-19,13.333333333333334,2.5902671654458267,2.6796436473461207,-0.08937648190029401,0,1,2020-08-01,28.555555555555557,1.800554,2.6236644,0.8197798314933114,86.08679951163343
2020-08-20,13.125,2.5745188084776873,2.583979247197733,-0.009460438720045872,0,1,2020-08-01,26.999999999999996,1.800554,3.086664,2.540341356676101,94.27439081608841
2020-08-21,23.33333333333333,3.149882953381249,3.186181455684686,-0.03629850230343701,0,1,2020-08-01,27.333333333333332,1.0803324,1.4918876,3.4248488019934364,95.53215175954922
